,title,description
0,Python,Python是一种计算机程序设计语言。是一种动态的、面向对象的脚本语言，最初被设计用于编写自动化脚本(shell)，随着版本的不断更新和语言新功能的添加，越来越多被用于独立的、大型项目的开发。...
1,web,web（World Wide Web）即全球广域网，也称为万维网，它是一种基于超文本和HTTP的、全球性的、动态交互的、跨平台的分布式图形信息系统。是建立在Internet上的一种网络服务，为浏览者在Internet上查找和浏览信息提供了图形化的、易于访问的直观界面，其中的文档及超级链接将Internet上的信息节点组织成一个互为关联的网状结构。...
2,阿姆斯特丹,阿姆斯特丹位于莫霍克河畔，伊利运河附近。人口2.1万。...
3,圣诞节,圣诞节（Christmas）又称耶诞节、耶稣诞辰，译名为“基督弥撒”，是西方传统节日，起源于基督教，在每年公历12月25日。弥撒是教会的一种礼拜仪式。圣诞节是一个宗教节，因为把它当作耶稣的诞辰来庆祝，故名“耶诞节”。大部分的天主教教堂都会先在12月24日的平安夜，亦即12月25日凌晨举行子夜弥撒，而一些基督教会则会举行报佳音，然后在12月25日庆祝圣诞节；基督教的另一大分支——东正教的圣诞节庆则在每年的1月7日。圣诞节也是西方世界以及其他很多地区的公共假日，例如：在亚洲的香港、澳门、马来西亚和新加坡。 古罗马教会在君士坦丁时代（公元313年），就逐渐习惯在十二月二十五日庆祝主的诞生。...
4,爱好者,《爱好者》是一款Android平台的应用。...
5,教学,教学是教师的教和学生的学所组成的一种人类特有的人才培养活动。通过这种活动，教师有目的、有计划、有组织地引导学生学习和掌握文化科学知识和技能，促进学生素质提高，使他们成为社会所需要的人。...
6,unix shell,Unix shell，通常被称作“命令行”，为Unix和类Unix操作系统提供了传统的用户界面。用户通过输入shell所执行的命令，引导计算机的操作。在微软Windows操作系统平台，类似程序是command.com，或者基于Windows NT内核操作系统的cmd.exe。...
7,Tiobe,TIOBE排行榜是根据互联网上有经验的程序员、课程和第三方厂商的数量，并使用搜索引擎（如Google、Bing、Yahoo!）以及Wikipedia、Amazon、YouTube统计出排名数据，只是反映某个编程语言的热门程度，并不能说明一门编程语言好不好，或者一门语言所编写的代码数量多少。...
8,排行榜,排行榜是对某一相关同类事物的客观实力的反映，带有相互之间的比较性质。比如，关注度排行榜、流行歌曲排行榜、球队实力排行榜、国家经济实力排行榜、歌手排行榜等等。...
9,简洁,简洁，是汉语词汇（ㄐㄧㄢˇ ㄐㄧㄝ ˊ），拼音指jiǎn jié，是形容词。意思是（说话、行为等）简明扼要，没有多余的内容。引申谓处世清白无瑕。南朝 宋 颜延之 《陶徵士诔》：“廉深简絜，贞夷粹温。”...
10,课程,课程是指学校学生所应学习的学科总和及其进程与安排。课程是对教育的目标、教学内容、教学活动方式的规划和设计，是教学计划、教学大纲等诸多方面实施过程的总和。广义的课程是指学校为实现培养目标而选择的教育内容及其进程的总和，它包括学校老师所教授的各门学科和有目的、有计划的教育活动。狭义的课程是指某一门学科。...
11,卡内基·梅隆大学,"美国卡耐基梅隆大学（Carnegie Mellon University），简称CMU，坐落在美国宾夕法尼亚州的匹兹堡(Pittsburgh)，是一所拥有13,600名在校学生和1,423名教职及科研人员的世界著名学府。该校拥有享誉全球的计算机学院和戏剧学院，其艺术学院，商学院，工程院以及公共管理学院等也都在全美名列前茅。CMU由工业家兼慈善家安德鲁·卡耐基于1900年创建，当时名为卡内基技术学校，1912年改名为卡耐基梅隆大学，开始向以研究为主的美国重点大学转变。其在2016-17泰晤士高等教育全球大学排名中位列世界第23，包括工程与技术排名世界第15，商业与经济排名世界第16，计算机排名世界第6，全美大学排名第16。在2018年QS世界大学排名中，其计算机与信息系统学排名世界第3，统计与运筹排名第8，数学第16，电子工程排名第18。在2017年USNews美国大学排名中，卡耐基梅隆大学..."
12,接口,接口泛指实体把自己提供给外界的一种抽象化物（可以为另一实体），用以由内部操作分离出外部沟通方法，使其能被内部修改而不影响外界其他实体与其交互的方式。人类与电脑等信息机器或人类与程序之间的接口称为用户界面。电脑等信息机器硬件组件间的接口叫硬件接口。电脑等信息机器软件组件间的接口叫软件接口。在计算机中，接口是计算机系统中两个独立的部件进行信息交换的共享边界。这种交换可以发生在计算机软、硬件，外部设备或进行操作的人之间，也可以是它们的结合。...
13,opencv,"OpenCV是一个基于BSD许可（开源）发行的跨平台计算机视觉库，可以运行在Linux、Windows、Android和Mac OS操作系统上。它轻量级而且高效——由一系列 C 函数和少量 C++ 类构成，同时提供了Python、Ruby、MATLAB等语言的接口，实现了图像处理和计算机视觉方面的很多通用算法。OpenCV用C++语言编写，它的主要接口也是C++语言，但是依然保留了大量的C语言接口。该库也有大量的Python、Java and MATLAB/OCTAVE（版本2.5）的接口。这些语言的API接口函数可以通过在线文档获得。如今也提供对于C#、Ch、Ruby,GO的支持。所有新的开发和算法都是用C++接口。一个使用CUDA的GPU接口也于2010年9月开始实现。..."
14,工程,工程是科学和数学的某种应用，通过这一应用，使自然界的物质和能源的特性能够通过各种结构、机器、产品、系统和过程，是以最短的时间和最少的人力、物力做出高效、可靠且对人类有用的东西。将自然科学的理论应用到具体工农业生产部门中形成的各学科的总称。...
15,应用程式,应用程式是电脑软体的主要分类之一，是指为针对使用者的某种应用目的所撰写的软体。应用程式通常又被分为两部分：图形使用者介面（GUI）和引擎（Engine）。它与应用软体的概念不同。应用软体指使用的目的分类，可以是单一程式或其他从属元件的集合，例如Microsoft Office、OpenOffice。应用程式指单一可执行档或单一程式，例如Word、Photoshop。日常中可不将两者仔细区分。一般视程式为软体的一个组成部分。...
16,语言,语言，亦称计算机语言或程序设计语言，是人与计算机交流、对话的语言工具，用于编写各种计算机程序。人要指挥计算机完成各种作业，需要发出计算机能够接受和理解的指令，因此需要事先编好一系列指令的组合输入计算机(也称程序设计)，编写计算机程序的数字、字符和语法规划，由这些字符和语法规则即组成计算机各种指令(或各种语句)，形成语言。它按照对象可分为面向机器的语言和面向过程的语言两类。前者是为特定的计算机或某一类计算机而设计的程序语言，包括机器语言和汇编语言两种。后者是为说明处理过程而设计的与机器无关的语言即高级语言。随着计算机技术的发展，计算机语言正向可视化、对象化发展。...
17,perl,Perl，一种功能丰富的计算机程序语言，运行在超过100种计算机平台上，适用广泛，从大型机到便携设备，从快速原型创建到大规模可扩展开发。Perl最初的设计者为拉里·沃尔（Larry Wall），于1987年12月18日发表。现在的版本为Perl 6，于2015年12月25日更新。Perl借取了C、sed、awk、shell 脚本语言以及很多其他程序语言的特性，其中最重要的特性是它内部集成了正则表达式的功能，以及巨大的第三方代码库CPAN。简而言之，Perl像C一样强大，像awk、sed等脚本描述语言一样方便，被Perl语言爱好者称之为“一种拥有各种语言功能的梦幻脚本语言”、“Unix 中的王牌工具”。Perl 一般被称为“实用报表提取语言”（Practical Extraction and Report Language），你也可能看到“perl”，所有的字母都是小写的。一般，“Perl”...
18,动态语言,动态语言，是指程序在运行时可以改变其结构：新的函数可以被引进，已有的函数可以被删除等在结构上的变化，类型的检查是在运行时做的，优点为方便阅读，清晰明了，缺点为不方便调试。...
19,if语句,"f语句是指编程语言（包括c语言，C#，VB，java,汇编语言等）中用来判定所给定的条件是否满足，根据判定的结果（真或假）决定执行给出的两种操作之一。..."
20,缩进,办公软件Microsoft Word中，缩进是指调整文本与页面边界之间的距离。在水平标尺，有四个段落缩进滑块:首行缩进、悬挂缩进、左缩进以及右缩进。...
21,{},大括号...
22,缩进,办公软件Microsoft Word中，缩进是指调整文本与页面边界之间的距离。在水平标尺，有四个段落缩进滑块:首行缩进、悬挂缩进、左缩进以及右缩进。...
23,MATLAB,MATLAB是美国MathWorks公司出品的商业数学软件，用于算法开发、数据可视化、数据分析以及数值计算的高级技术计算语言和交互式环境，主要包括MATLAB和Simulink两大部分。MATLAB是matrix&amp;laboratory两个词的组合，意为矩阵工厂（矩阵实验室）。是由美国mathworks公司发布的主要面对科学计算、可视化以及交互式程序设计的高科技计算环境。它将数值分析、矩阵计算、科学数据可视化以及非线性动态系统的建模和仿真等诸多强大功能集成在一个易于使用的视窗环境中，为科学研究、工程设计以及必须进行有效数值计算的众多科学领域提供了一种全面的解决方案，并在很大程度上摆脱了传统非交互式程序设计语言（如C、Fortran）的编辑模式，代表了当今国际科学计算软件的先进水平。MATLAB和Mathematica、Maple并称为三大数学软件。它在数学类科技应用软件中在数值计算方...
24,科学,科学，指的就是分科而学，后指将各种知识通过细化分类（如数学、物理、化学等）研究，形成逐渐完整的知识体系。它是关于发现发明创造实践的学问，是人类探索研究感悟宇宙万物变化规律的知识体系的总称。科学是一个建立在可检验的解释和对客观事物的形式、组织等进行预测的有序的知识的系统。在一个旧的，密切相关的意思，“科学”还指可合理解释，并可靠地应用型知识的主体本身。科学的专业从业者习惯上被称为科学家。自古典时代，科学作为一种知识，已紧密联系在一起。科学的方法奠定了基础，强调实验数据及其...
25,界面设计,界面设计（即UI设计）是人与机器之间传递和交换信息的媒介，FaceUI称包括硬件界面和软件界面，是计算机科学与心理学、设计艺术学、认知科学和人机工程学的交叉研究领域。近年来，随着信息技术与计算机技术的迅速发展，网络技术的突飞猛进，人机界面设计和开发已成为国际计算机界和设计界最为活跃的研究方向。...
26,网络通信,网络是用物理链路将各个孤立的工作站或主机相连在一起，组成数据链路，从而达到资源共享和通信的目的。通信是人与人之间通过某种媒体进行的信息交流与传递。网络通信是通过网络将各个孤立的设备进行连接，通过信息交换实现人与人，人与计算机，计算机与计算机之间的通信。网络通信中最重要的就是网络通信协议。当今网络协议有很多，局域网中最常用的有三个网络协议：MICROSOFT的NETBEUI、NOVELL的IPX/SPX和TCP/IP协议。应根据需要来选择合适的网络协议。...
27,Perl语言,Perl语言是由Larry Wall设计的文字分析报告语言，用于Unix环境下的编程。...
28,解释器,解释器（英语：Interpreter），又译为直译器，是一种电脑程序，能够把高级编程语言一行一行直接转译运行。解释器不会一次把整个程序转译出来，只像一位“中间人”，每次运行程序时都要先转成另一种语言再作运行，因此解释器的程序运行速度比较缓慢。它每转译一行程序叙述就立刻运行，然后再转译下一行，再运行，如此不停地进行下去。...
29,准时制,准时制生产方式（Just In Time简称JIT），又称作无库存生产方式（stockless production），零库存（zero inventories），一个流（one-piece flow）或者超级市场生产方式（supermarket production）。...
30,PyPy,PyPy是用Python实现的Python解释器。...
31,面向对象,"面向对象(Object Oriented,OO)是软件开发方法。面向对象的概念和应用已超越了程序设计和软件开发，扩展到如数据库系统、交互式界面、应用结构、应用平台、分布式系统、网络管理结构、CAD技术、人工智能等领域。面向对象是一种对现实世界理解和抽象的方法，是计算机编程技术发展到一定阶段后的产物。..."
32,LISP,LISP是一种通用高级计算机程序语言，长期以来垄断人工智能领域的应用。LISP作为因应人工智能而设计的语言，是第一个声明式系内函数式程序设计语言，有别于命令式系内过程式的C、Fortran和面向对象的Java、C#等结构化程序设计语言。LISP名称源自列表处理（LISt Processing）的英语缩写，由来自麻省理工学院的人工智能研究先驱约翰·麦卡锡（John McCarthy）在1958年基于λ演算所创造，采用抽象数据列表与递归作符号演算来衍生人工智能。...
33,Haskell,Haskell是一种标准化的、通用纯函数式编程语言，有非限定性语义和强静态类型。它的命名源自美国逻辑学家Haskell Brooks Curry，他在数学逻辑方面的工作使得函数式编程语言有了广泛的基础。在Haskell中，函数是一等公民。作为函数式编程语言，主要控制结构是函数。Haskell语言是1990年在编程语言Miranda的基础上标准化的，并且以λ演算（Lambda-Calculus)为基础发展而来。具有“证明即程序、结论公式即程序类型”的特征。这也是Haskell语言以希腊字母「λ」（Lambda）作为自己标志的原因。Haskell语言的最主要的执行环境是GHC。...
34,脚本语言,脚本语言又被称为扩建的语言，或者动态语言，是一种编程语言，用来控制软件应用程序，脚本通常以文本（如ASCII)保存，只在被调用时进行解释或编译。...
35,zope,Zope是一个开放源代码的Web应用服务器，Zope目前有2个比较独立的版本，Zope 2系列和Zope 3系列。Zope 3是汲取了Zope 2的教训，对Zope 2的重写，是一个采用了现代设计模式的、基于组件架构的应用服务器。有人说Zope 3就是一个Python版本的轻量级J2EE框架。 Zope 2特别适合脚本开发人员，直接通过浏览器就可快速构建一个应用。...
36,M-net,Mnet Media全称CJ Mnet 媒体公司，是一间韩国的娱乐公司，隶属于韩国CJ集团，总部设在首尔，现并入 CJ E&amp;M Music and Live (CJ E&amp;M Music·Live)，娱乐公司经营范围广泛，包括电视频道与电视节目、音乐提供商及举办颁奖典礼等。目前旗下有两大子公司，包含MBK Entertainment、FNC Entertainment，其他子公司有 Good Entertainment、Jellyfish Entertainment、1877 Entertainment、Music Works Entertainment 和 MMO Entertainment。许多知名艺人如李孝利、SG Wannabe、SeeYa等都曾是 Mnet Media 的一员。Mnet公司是亚洲最大音乐娱乐公司，也是韩国最著名的网络商业频道，可独立制作完全的娱乐和音...
37,VBScript,VBScript是Visual Basic Script的简称，即 Visual Basic 脚本语言，有时也被缩写为VBS。它是一种微软环境下的轻量级的解释型语言，它使用COM组件、WMI、WSH、ADSI访问系统中的元素，对系统进行管理。同时它又是asp动态网页默认的编程语言，配合asp内建对象和ADO对象，用户很快就能掌握访问数据库的asp动态网页开发技术。...
38,api,"API（Application Programming Interface,应用程序编程接口）是一些预先定义的函数，目的是提供应用程序与开发人员基于某软件或硬件得以访问一组例程的能力，而又无需访问源码，或理解内部工作机制的细节。..."
39,Python技术手册,《Python技术手册（第2版）》 是2010年6月1日人民邮电出版社出版的图书，作者是（美）马特利。...
40,马特利,中文名： 马特利 英文名： ArturMatlik 国籍： 德国 出生年月： 1977年9月2日 职业： 运动员 足球 身高： 180厘米 效力球队:慕士达 场上位置:中场...
41,Google,谷歌公司（Google Inc.）成立于1998年9月4日，由拉里·佩奇和谢尔盖·布林共同创建，被公认为全球最大的搜索引擎公司。谷歌是一家位于美国的跨国科技企业，业务包括互联网搜索、云计算、广告技术等，同时开发并提供大量基于互联网的产品与服务，其主要利润来自于AdWords等广告服务。1999年下半年，谷歌网站“Google”正式启用。2010年3月23日，宣布关闭在中国大陆市场搜索服务。2015年8月10日，宣布对企业架构进行调整，并创办了一家名为Alphabet的“伞形公司”（Umbrella Company），成为Alphabet旗下子公司。2015年，在2015年度“世界品牌500强”排行中重返榜首，苹果和亚马逊分别位居第二和第三名。2016年6月8日，《2016年BrandZ全球最具价值品牌百强榜》公布，以2291.98亿美元的品牌价值重新超越苹果成为百强第一。 2017年2月，...
42,源代码,源代码（也称源程序）是指未编译的按照一定的程序设计语言规范书写的文本文件，是一系列人类可读的计算机语言指令。 在现代程序语言中，源代码可以是以书籍或者磁带的形式出现，但最为常用的格式是文本文件，这种典型格式的目的是为了编译出计算机程序。计算机源代码的最终目的是将人类可读的文本翻译成为计算机可以执行的二进制指令，这种过程叫做编译，通过编译器完成。...
43,虚拟机,虚拟机（Virtual Machine）指通过软件模拟的具有完整硬件系统功能的、运行在一个完全隔离环境中的完整计算机系统。虚拟系统通过生成现有操作系统的全新虚拟镜像，它具有真实windows系统完全一样的功能，进入虚拟系统后，所有操作都是在这个全新的独立的虚拟系统里面进行，可以独立安装运行软件，保存数据，拥有自己的独立桌面，不会对真正的系统产生任何影响 ，而且具有能够在现有系统与虚拟镜像之间灵活切换的一类操作系统。虚拟系统和传统的虚拟机（Parallels Desktop ，Vmware，VirtualBox，Virtual pc）不同在于：虚拟系统不会降低电脑的性能，启动虚拟系统不需要像启动windows系统那样耗费时间，运行程序更加方便快捷；虚拟系统只能模拟和现有操作系统相同的环境，而虚拟机则可以模拟出其他种类的操作系统；而且虚拟机需要模拟底层的硬件指令，所以在应用程序运行速度上比虚拟...
44,字节码,字节码（Byte-code）是一种包含执行程序，由一序列 op 代码/数据对组成的二进制文件，是一种中间码。字节是电脑里的数据量单位。...
45,缩进,办公软件Microsoft Word中，缩进是指调整文本与页面边界之间的距离。在水平标尺，有四个段落缩进滑块:首行缩进、悬挂缩进、左缩进以及右缩进。...
46,迭代器,迭代器（iterator）有时又称游标（cursor）是程序设计的软件设计模式，可在容器（container，例如链表或阵列）上遍访的接口，设计人员无需关心容器的内容。...
47,类型,"类型，是编程语言中的一个很重要的概念，它在强类型语言中尤其重要，比如C语言，C++语言，Java语言中...它定义了一个变量的内存布局和这个这个变量可以实用的运算符。C和C++开发语言中，基本类型有:int,char,double,class等..."
48,str,STR(Stewart Title (UK) Limited)全称英国信达集团，是一间证券，保险业及商品交易公司， 总部位于世界金融中心伦敦，英国信达集团(STR)是其在亚洲运营品牌在亚洲主要从事网上外汇买卖服务。...
49,FLOSS,FLOSS（Free/Libre and Open Source Software）:自由/开源软件。 自由/开源软件(FLOSS)被证实为当今最好的开放、合作、国际化产品和开发样例之一，已经为全世界各大机构，包括政府、政策、商业、学术研究和开源领域带来巨大的利益。...
50,开放源代码,开放源代码（Open source code）也称为源代码公开，指的是一种软件发布模式。一般的软件仅可取得已经过编译的二进制可执行档，通常只有软件的作者或著作权所有者等拥有程序的原始码。有些软件的作者会将原始码公开，此称之为“源代码公开”，但这并不一定符合“开放原代码”的定义及条件，因为作者可能会设定公开原始码的条件限制，例如限制可阅读原始码的对象、限制衍生品等。...
51,源代码,影片《源代码》是由邓肯·琼斯执导，杰克·吉伦哈尔、维拉·法米加、米歇尔·莫娜汉等人联袂出演。影片于2011年4月1日在美国上映。影片讲述了一位在阿富汗执行任务的美国空军飞行员柯尔特·史蒂文斯，醒来时发现自己正处在一辆前往芝加哥的火车上，并就此经历的一系列惊心动魄的事件。...
52,源文件,源文件一般指用汇编语言或高级语言写出来的代码保存为文件后的结果，源文件是相对目标文件和可执行文件而言的。源文件就是用汇编语言或高级语言写出来的代码保存为文件后的结果。...
53,二进制代码,二进制代码：由两个基本字符&#39;0&#39;、&#39;1&#39;组成的代码。其中，码元：&quot;一位&quot;二进制代码。码字：N个码元可以组成的不同组合，任意一个组合称一个码字二进制编码：用不同码字表示不同的信息的方法就叫二进制编码。如用1111表示15。区别例子：对15进行二进制编码的结果为1111，共需要4位二进制代码。二进制代码指令：是机器语言的指令集体系结构的表示方式。好比&quot;加&quot;在汇编中用add表示，类似的在这个中则是用1100表示(1100只是举例用，实际不是)机器语言：又称机器码，是用&quot;二进制代码指令&quot;表达(不是二进制代码)的计算机语言...
54,编译器,简单讲，编译器就是将“一种语言（通常为高级语言）”翻译为“另一种语言（通常为低级语言）”的程序。一个现代编译器的主要工作流程：源代码 (source code) → 预处理器 (preprocessor) → 编译器 (compiler) → 目标代码 (object code) → 链接器 (Linker) → 可执行程序 (executables)高级计算机语言便于人编写，阅读交流，维护。机器语言是计算机能直接解读、运行的。编译器将汇编或高级计算机语言源程序（Source program）作为输入，翻译成目标语言（Target language）机器代码的等价程序。源代码一般为高级语言 (High-level language)， 如Pascal、C、C++、Java、汉语编程等或汇编语言，而目标则是机器语言的目标代码（Object code），有时也称作机器代码（Machine co...
55,源代码,影片《源代码》是由邓肯·琼斯执导，杰克·吉伦哈尔、维拉·法米加、米歇尔·莫娜汉等人联袂出演。影片于2011年4月1日在美国上映。影片讲述了一位在阿富汗执行任务的美国空军飞行员柯尔特·史蒂文斯，醒来时发现自己正处在一辆前往芝加哥的火车上，并就此经历的一系列惊心动魄的事件。...
56,解释器,解释器（英语：Interpreter），又译为直译器，是一种电脑程序，能够把高级编程语言一行一行直接转译运行。解释器不会一次把整个程序转译出来，只像一位“中间人”，每次运行程序时都要先转成另一种语言再作运行，因此解释器的程序运行速度比较缓慢。它每转译一行程序叙述就立刻运行，然后再转译下一行，再运行，如此不停地进行下去。...
57,字节码,字节码（Byte-code）是一种包含执行程序，由一序列 op 代码/数据对组成的二进制文件，是一种中间码。字节是电脑里的数据量单位。...
58,机器语言,机器语言（machine language）是一种指令集的体系。这种指令集，称机器码（machine code），是电脑的CPU可直接解读的数据。机器码有时也被称为原生码（Native Code），这个名词比较强调某种编程语言或库，它与运行平台相关的部份。...
59,面向对象,"面向对象(Object Oriented,OO)是软件开发方法。面向对象的概念和应用已超越了程序设计和软件开发，扩展到如数据库系统、交互式界面、应用结构、应用平台、分布式系统、网络管理结构、CAD技术、人工智能等领域。面向对象是一种对现实世界理解和抽象的方法，是计算机编程技术发展到一定阶段后的产物。..."
60,面向过程,“面向过程”(Procedure Oriented)是一种以过程为中心的编程思想。这些都是以什么正在发生为主要目标进行编程，不同于面向对象的是谁在受影响。与面向对象明显的不同就是封装、继承、类。简写为OPP....
61,面向对象,"面向对象(Object Oriented,OO)是软件开发方法。面向对象的概念和应用已超越了程序设计和软件开发，扩展到如数据库系统、交互式界面、应用结构、应用平台、分布式系统、网络管理结构、CAD技术、人工智能等领域。面向对象是一种对现实世界理解和抽象的方法，是计算机编程技术发展到一定阶段后的产物。..."
62,正则表达式,正则表达式，又称规则表达式。（英语：Regular Expression，在代码中常简写为regex、regexp或RE），计算机科学的一个概念。正则表达式通常被用来检索、替换那些符合某个模式(规则)的文本。许多程序设计语言都支持利用正则表达式进行字符串操作。例如，在Perl中就内建了一个功能强大的正则表达式引擎。正则表达式这个概念最初是由Unix中的工具软件（例如sed和grep）普及开的。正则表达式通常缩写成“regex”，单数有regexp、regex，复数有regexps、regexes、regexen。...
63,单元测试,单元测试（unit testing），是指对软件中的最小可测试单元进行检查和验证。对于单元测试中单元的含义，一般来说，要根据实际情况去判定其具体含义，如C语言中单元指一个函数，Java里单元指一个类，图形化的软件中可以指一个窗口或一个菜单等。总的来说，单元就是人为规定的最小的被测功能模块。单元测试是在软件开发过程中要进行的最低级别的测试活动，软件的独立单元将在与程序的其他部分相隔离的情况下进行测试。在一种传统的结构化编程语言中，比如C，要进行测试的单元一般是函数或子过程。在像C++这样的面向对象的语言中， 要进行测试的基本单元是类。对Ada语言来说，开发人员可以选择是在独立的过程和函数，还是在Ada包的级别上进行单元测试。单元测试的原则同样被扩展到第四代语言（4GL)的开发中，在这里基本单元被典型地划分为一个菜单或显示界面。经常与单元测试联系起来的另外一些开发活动包括代码走读（Code r...
64,线程,线程，有时被称为轻量进程(Lightweight Process，LWP），是程序执行流的最小单元。一个标准的线程由线程ID，当前指令指针(PC），寄存器集合和堆栈组成。另外，线程是进程中的一个实体，是被系统独立调度和分派的基本单位，线程自己不拥有系统资源，只拥有一点儿在运行中必不可少的资源，但它可与同属一个进程的其它线程共享进程所拥有的全部资源。一个线程可以创建和撤消另一个线程，同一进程中的多个线程之间可以并发执行。由于线程之间的相互制约，致使线程在运行中呈现出间断性。线程也有就绪、阻塞和运行三种基本状态。就绪状态是指线程具备运行的所有条件，逻辑上可以运行，在等待处理机；运行状态是指线程占有处理机正在运行；阻塞状态是指线程在等待一个事件（如某个信号量），逻辑上不可执行。每一个程序都至少有一个线程，若程序只有一个线程，那就是程序本身。线程是程序中一个单一的顺序控制流程。进程内有一个相对独立...
65,GUI,图形用户界面（Graphical User Interface，简称 GUI，又称图形用户接口）是指采用图形方式显示的计算机操作用户界面。与早期计算机使用的命令行界面相比，图形界面对于用户来说在视觉上更易于接受。然而这界面若要通过在显示屏的特定位置，以”各种美观而不单调的视觉消息“提示用户”状态的改变“，势必得比简单的消息呈现花上更多的计算能力。...
66,命令提示符,命令提示符是在操作系统中，提示进行命令输入的一种工作提示符。在不同的操作系统环境下，命令提示符各不相同。在windows环境下，命令行程序为cmd.exe，是一个32位的命令行程序，微软Windows系统基于Windows上的命令解释程序，类似于微软的DOS操作系统。输入一些命令，cmd.exe可以执行，比如输入shutdown -s -t 30就会在30秒后关机。总之，它非常有用。打开方法：开始-所有程序-附件 或 开始-寻找-输入：cmd/cmd.exe 回车。它也可以执行BAT文件。...
67,api,"API（Application Programming Interface,应用程序编程接口）是一些预先定义的函数，目的是提供应用程序与开发人员基于某软件或硬件得以访问一组例程的能力，而又无需访问源码，或理解内部工作机制的细节。..."
68,Application Programming Interface,应用程序接口（英语：Application Programming Interface，简称：API），又称为应用编程接口，就是软件系统不同组成部分衔接的约定。由于近年来软件的规模日益庞大，常常会需要把复杂的系统划分成小的组成部分，编程接口的设计十分重要。程序设计的实践中，编程接口的设计首先要使软件系统的职责得到合理划分。良好的接口设计可以降低系统各部分的相互依赖，提高组成单元的内聚性，降低组成单元间的耦合程度，从而提高系统的维护性和扩展性。...
69,Tkinter,"Tkinter模块(&quot;Tk 接口&quot;)是Python的标准Tk GUI工具包的接口.Tk和Tkinter可以在大多数的Unix平台下使用,同样可以应用在Windows和Macintosh系统里.Tk8.0的后续版本可以实现本地窗口风格,并良好地运行在绝大多数平台中...."
70,正则表达式,正则表达式，又称规则表达式。（英语：Regular Expression，在代码中常简写为regex、regexp或RE），计算机科学的一个概念。正则表达式通常被用来检索、替换那些符合某个模式(规则)的文本。许多程序设计语言都支持利用正则表达式进行字符串操作。例如，在Perl中就内建了一个功能强大的正则表达式引擎。正则表达式这个概念最初是由Unix中的工具软件（例如sed和grep）普及开的。正则表达式通常缩写成“regex”，单数有regexp、regex，复数有regexps、regexes、regexen。...
71,标准通用置标语言,标准通用标记语言（以下简称“通用标言”），是一种定义电子文档结构和描述其内容的国际标准语言；通用标言为语法置标提供了异常强大的工具，同时具有极好的扩展性，因此在数据分类和索引中非常有用；是所有电子文档标记语言的起源，早在万维网发明之前“通用标言”就已存在。“通用标言”允许用户标记电子文档的元素创建一个适当的标记方案，便于在各种印刷和电子格式的多个版本的生产。“通用标言”多用于科技文献和政府办公文件中。...
72,可扩展标记语言,可扩展标记语言，标准通用标记语言的子集，是一种用于标记电子文件使其具有结构性的标记语言。在电子计算机中，标记指计算机所能理解的信息符号，通过此种标记，计算机之间可以处理包含各种的信息比如文章等。它可以用来标记数据、定义数据类型，是一种允许用户对自己的标记语言进行定义的源语言。 它非常适合万维网传输，提供统一的方法来描述和交换独立于应用程序或供应商的结构化数据。是Internet环境中跨平台的、依赖于内容的技术，也是当今处理分布式结构信息的有效工具。早在1998年，W3C就发布了XML1.0规范，使用它来简化Internet的文档信息传输。...
73,应用程序编程接口,API之主要目的是提供应用程序与开发人员以访问一组例程的能力，而又无需访问源码，或理解内部工作机制的细节。提供API所定义的功能的软件称作此API的实现。API是一种接口，故而是一种抽象。应用程序接口（英语：Application Programming Interface，简称：API），又称为应用编程接口，就是软件系统不同组成部分衔接的约定。由于近年来软件的规模日益庞大，常常需要把复杂的系统划分成小的组成部分，编程接口的设计十分重要。程序设计的实践中，编程接口的设计首先要使软件系统的职责得到合理划分。良好的接口设计可以降低系统各部分的相互依赖，提高组成单元的内聚性，降低组成单元间的耦合程度，从而提高系统的维护性和扩展性。...
74,网络编程,网络编程从大的方面说就是对信息的发送到接收，中间传输为物理线路的作用。网络编程最主要的工作就是在发送端把信息通过规定好的协议进行组装包，在接收端按照规定好的协议把包进行解析，从而提取出对应的信息，达到通信的目的。中间最主要的就是数据包的组装，数据包的过滤，数据包的捕获，数据包的分析，当然最后再做一些处理，代码、开发工具、数据库、服务器架设和网页设计这5部分你都要接触。...
75,分布式应用程序,分布式应用程序是指：应用程序分布在不同计算机上，通过网络来共同完成一项任务。通常为服务器/客户端模式。...
76,zope,Zope是一个开放源代码的Web应用服务器，Zope目前有2个比较独立的版本，Zope 2系列和Zope 3系列。Zope 3是汲取了Zope 2的教训，对Zope 2的重写，是一个采用了现代设计模式的、基于组件架构的应用服务器。有人说Zope 3就是一个Python版本的轻量级J2EE框架。 Zope 2特别适合脚本开发人员，直接通过浏览器就可快速构建一个应用。...
77,BitTorrent,比特流（BitTorrent）是一种内容分发协议，由布拉姆·科恩自主开发。它采用高效的软件分发系统和点对点技术共享大体积文件（如一部电影或电视节目），并使每个用户像网络重新分配结点那样提供上传服务。一般的下载服务器为每一个发出下载请求的用户提供下载服务，而BitTorrent的工作方式与之不同。分配器或文件的持有者将文件发送给其中一名用户，再由这名用户转发给其它用户，用户之间相互转发自己所拥有的文件部分，直到每个用户的下载都全部完成。这种方法可以使下载服务器同时处理多个大体积文件的下载请求，而无须占用大量带宽。...
78,图像处理,图像处理(image processing)，用计算机对图像进行分析，以达到所需结果的技术。又称影像处理。图像处理一般指数字图像处理。数字图像是指用工业相机、摄像机、扫描仪等设备经过拍摄得到的一个大的二维数组，该数组的元素称为像素，其值称为灰度值。图像处理技术一般包括图像压缩，增强和复原，匹配、描述和识别3个部分。...
79,秋之回忆,《秋之回忆》是日本KID公司推出的一款恋爱冒险类游戏系列，于1999年9月30日发行了第一部作品《秋之回忆1》，至2018年共发售8部正传作品。...
80,秋之回忆,《秋之回忆》是日本KID公司推出的一款恋爱冒险类游戏系列，于1999年9月30日发行了第一部作品《秋之回忆1》，至2018年共发售8部正传作品。...
81,HTML,超文本标记语言，标准通用标记语言下的一个应用。“超文本”就是指页面内可以包含图片、链接，甚至音乐、程序等非文字元素。超文本标记语言的结构包括“头”部分（英语：Head）、和“主体”部分（英语：Body），其中“头”部提供关于网页的信息，“主体”部分提供网页的具体内容。...
82,PyGTK,"PyGTK让你用Python轻松创建具有图形用户界面的程序.底层的GTK+提供了各式的可视元素和功能,如果需要,你能开发在GNOME桌面系统运行的功能完整的软件。..."
83,PyQt,PyQt是一个创建GUI应用程序的工具包。它是Python编程语言和Qt库的成功融合。Qt库是目前最强大的库之一。PyQt是由Phil Thompson 开发。...
84,wxPython,wxPython是Python语言的一套优秀的GUI图形库。允许Python程序员很方便的创建完整的、功能键全的GUI用户界面。 wxPython是作为优秀的跨平台GUI库wxWidgets的Python封装和Python模块的方式提供给用户的。比如安装ulipad要安装wxPython库才能正常完整工作。...
85,PIL,太平船务有限公司（PIL）由张允中先生于1967年在新加坡成立。公司成立初期，以经营区域性的散杂货运输为主，从1983年起，首次推出了集装箱运输服务。...
86,Pygame,Pygame是跨平台Python模块，专为电子游戏设计，包含图像、声音。建立在SDL基础上，允许实时电子游戏研发而无需被低级语言（如机器语言和汇编语言）束缚。...
87,Sage,"基因表达系列分析（Sage），1995年Velculescu等提出了基因表达系列分析(Serial Analysis of Gene Expression,SAGE)技术，能同时对上千个转录物进行研究。..."
88,MySQLdb,MySQL是一个小型关系型数据库管理系统，开发者为瑞典MySQLAB公司。在2008年1月16号被Sun公司收购。目前MySQL被广泛地应用在Internet上的中小型网站中。由于其体积小、速度快、总体拥有成本低，尤其是开放源码这一特点，许多中小型网站为了降低网站总体拥有成本而选择了MySQL作为网站数据库。...
89,c语言,C语言是一门通用计算机编程语言，广泛应用于底层开发。C语言的设计目标是提供一种能以简易的方式编译、处理低级存储器、产生少量的机器码以及不需要任何运行环境支持便能运行的编程语言。尽管C语言提供了许多低级处理的功能，但仍然保持着良好跨平台的特性，以一个标准规格写出的C语言程序可在许多电脑平台上进行编译，甚至包含一些嵌入式处理器（单片机或称MCU）以及超级电脑等作业平台。二十世纪八十年代，为了避免各开发厂商用的C语言语法产生差异，由美国国家标准局为C语言制定了一套完整的美国国家标准语法，称为ANSI C，作为C语言最初的标准。目前2011年12月8日，国际标准化组织（ISO）和国际电工委员会（IEC）发布的C11标准是C语言的第三个官方标准，也是C语言的最新标准，该标准更好的支持了汉字函数名和汉字标识符，一定程度上实现了汉字编程。C语言是一门面向过程的计算机编程语言，与C++，Java等面向对象...
90,SWIG,SWIG是一家全球性视频点播和在线直播网络平台，将您已有的经过首轮播出过的节目资源进行第二次屏幕盈利。...
91,胶水语言,胶水语言，是用来连接软件组件的程序设计语言，通常指脚本语言。...
92,PyCharm,PyCharm是一种Python IDE，带有一整套可以帮助用户在使用Python语言开发时提高其效率的工具，比如调试、语法高亮、Project管理、代码跳转、智能提示、自动完成、单元测试、版本控制。此外，该IDE提供了一些高级功能，以用于支持Django框架下的专业Web开发。...
93,ActivePython,ActivePython是由 ActiveState 公司推出的专用的 Python 编程和调试工具，包含一个完整的Python内核，直接调用 Python 官方开源内核，此外还有Python编程需要用到的 IDE，并附加了一些 Python的Windows扩展，同时还提供了全部的访问 Windows APIs 的服务。ActivePython 虽然不像纯 Python 那样是开源的，但是也可以免费下载使用。...
94,集成开发环境,集成开发环境（IDE，Integrated Development Environment ）是用于提供程序开发环境的应用程序，一般包括代码编辑器、编译器、调试器和图形用户界面等工具。集成了代码编写功能、分析功能、编译功能、调试功能等一体化的开发软件服务套。所有具备这一特性的软件或者软件套（组）都可以叫集成开发环境。如微软的Visual Studio系列，Borland的C++ Builder、Delphi系列等。该程序可以独立运行，也可以和其它程序并用。IDE多被用于开发HTML应用软件。例如，许多人在设计网站时使用IDE（如HomeSite、DreamWeaver等），因为很多项任务会自动生成。...
95,PyQt,PyQt是一个创建GUI应用程序的工具包。它是Python编程语言和Qt库的成功融合。Qt库是目前最强大的库之一。PyQt是由Phil Thompson 开发。...
96,PyScripter,PyScripter是一个使用Delphi开发的开源的Python集成开发环境（IDE），发布于MIT协议之下。...
97,PyPE,PyPE是一个开源的、跨平台的。PyPE的作者旨在构建一个轻量级但却足够强大的Python集成开发环境。...
98,bpython,bpython是一个增强的 Python 交互解释器，使用 curses 包开发，需要 pygments 依赖。...
99,解释器,解释器（英语：Interpreter），又译为直译器，是一种电脑程序，能够把高级编程语言一行一行直接转译运行。解释器不会一次把整个程序转译出来，只像一位“中间人”，每次运行程序时都要先转成另一种语言再作运行，因此解释器的程序运行速度比较缓慢。它每转译一行程序叙述就立刻运行，然后再转译下一行，再运行，如此不停地进行下去。...
100,插件,"插件(Plug-in,又称addin、add-in、addon或add-on,又译外挂)是一种遵循一定规范的应用程序接口编写出来的程序。其只能运行在程序规定的系统平台下（可能同时支持多个平台），而不能脱离指定的平台单独运行。因为插件需要调用原纯净系统提供的函数库或者数据。很多软件都有插件，插件有无数种。例如在IE中，安装相关的插件后，WEB浏览器能够直接调用插件程序，用于处理特定类型的文件。插件的定位是开发实现原纯净系统平台、应用软件平台不具备的功能的程序，其只能运行在程序规定的系统平台下（可能同时支持多个平台），而不能脱离指定的平台单独运行。因为插件需要调用原纯净系统提供的函数库或者数据。..."
101,VIM,Vim是一个类似于Vi的著名的功能强大、高度可定制的文本编辑器，在Vi的基础上改进和增加了很多特性。VIM是自由软件。Vim普遍被推崇为类Vi编辑器中最好的一个，事实上真正的劲敌来自Emacs的不同变体。1999 年Emacs被选为Linuxworld文本编辑分类的优胜者，Vim屈居第二。但在2000年2月Vim赢得了Slashdot Beanie的最佳开放源代码文本编辑器大奖，又将Emacs推至二线， 总的来看， Vim和Emacs在文本编辑方面都是非常优秀的。...
102,SlickEdit,SlickEdit是一个跨平台（在9种不同的工作平台上可以工作）的， 支持超过40种编程语言的代码编辑器。...
103,TextMate,TextMate是Mac下的著名的文本编辑器软件，与BBedit一起并称苹果机上的emacs和vim。尤其适合程序员使用，可以定制许多贴心使用的功能。TextMate的Bundles是TextMate的一个亮点，可以有效的提高开发速度。包括DHH在内的Rails核心开发者一直都使用TextMate进行开发，原因就是他们主要都在使用Mac OS系统，并且TextMate具备出色的界面、强大的宏定义、以及可下载和编辑的宏定义包（bundles），这些都帮助开发者将编码的效率提升到最高。...
104,Sublime Text,Sublime Text 是一个代码编辑器（Sublime Text 2是收费软件，但可以无限期试用），也是HTML和散文先进的文本编辑器。Sublime Text是由程序员Jon Skinner于2008年1月份所开发出来，它最初被设计为一个具有丰富扩展功能的Vim。Sublime Text具有漂亮的用户界面和强大的功能，例如代码缩略图，Python的插件，代码段等。还可自定义键绑定，菜单和工具栏。Sublime Text 的主要功能包括：拼写检查，书签，完整的 Python API ， Goto 功能，即时项目切换，多选择，多窗口等等。Sublime Text 是一个跨平台的编辑器，同时支持Windows、Linux、Mac OS X等操作系统。...
105,Notepad++,"Notepad++是 Windows操作系统下的一套文本编辑器(软件版权许可证: GPL)，有完整的中文化接口及支持多国语言编写的功能(UTF8技术)。Notepad++功能比 Windows 中的 Notepad(记事本)强大，除了可以用来制作一般的纯文字说明文件，也十分适合编写计算机程序代码。Notepad++ 不仅有语法高亮度显示，也有语法折叠功能，并且支持宏以及扩充基本功能的外挂模组。Notepad++是免费软件，可以免费使用，自带中文，支持众多计算机程序语言: C,C++,Java,pascal,C#,XML,SQL,Ada,HTML,PHP,ASP, AutoIt, 汇编, DOS批处理, Caml, COBOL, Cmake, CSS,D, Diff, ActionScript, Fortran, Gui4Cli, Haskell, INNO, JSP, KIXtart, L..."
106,EditPlus,"EditPlus是一款由韩国 Sangil Kim （ES-Computing）出品的小巧但是功能强大的可处理文本、HTML和程序语言的Windows编辑器，你甚至可以通过设置用户工具将其作为C,Java,Php等等语言的一个简单的IDE。EditPlus（文字编辑器）汉化版是一套功能强大，可取代记事本的文字编辑器，拥有无限制的撤消与重做、英文拼字检查、自动换行、列数标记、搜寻取代、同时编辑多文件、全屏幕浏览功能。而它还有一个好用的功能，就是它有监视剪贴板的功能，同步于剪贴板可自动粘贴进 EditPlus 的窗口中省去粘贴的步骤。另外它也是一个非常好用的HTML编辑器，它除了支持颜色标记、HTML 标记，同时支持C、C++、Perl、Java，另外，它还内建完整的HTML &amp; CSS1 指令功能，对于习惯用记事本编辑网页的朋友，它可帮你节省一半以上的网页制作时间，若你有安装IE3...."
107,ultraedit,UltraEdit 是一套功能强大的文本编辑器，可以编辑文本、十六进制、ASCII 码，完全可以取代记事本（如果电脑配置足够强大），内建英文单字检查、C++ 及 VB 指令突显，可同时编辑多个文件，而且即使开启很大的文件速度也不会慢。UltraEdit 是 Windows 旗下一款流行的老牌文本/HEX 编辑器（非开源）。UltraEdit 正被移植到 Linux 平台。该移植名为 UEX，意即 UltraEdit forLinux。UEX具有原生的 Linux 外观，其界面、配置、热键等与 Windows 版并无二致。UltraEdit是一个49.95美元的共享软件，提供了友好界面的编程编辑器，支持语法高亮，代码折叠和宏，以及一大堆其他的功能，内置了对于HTML、PHP和JavaScript等语法的支持。UltraEdit代码折叠支持在所有 32 位Windows平台上进行 64 位文件...
108,文本编辑器,文本编辑器（或称文字编辑器）是用作编写普通文字的应用软件，它与文档编辑器（或称文字处理器）不同之处在于它并非用作桌面排版（例如文档格式处理），它常用来编写程序的源代码。...
109,集成开发环境,集成开发环境（IDE，Integrated Development Environment ）是用于提供程序开发环境的应用程序，一般包括代码编辑器、编译器、调试器和图形用户界面等工具。集成了代码编写功能、分析功能、编译功能、调试功能等一体化的开发软件服务套。所有具备这一特性的软件或者软件套（组）都可以叫集成开发环境。如微软的Visual Studio系列，Borland的C++ Builder、Delphi系列等。该程序可以独立运行，也可以和其它程序并用。IDE多被用于开发HTML应用软件。例如，许多人在设计网站时使用IDE（如HomeSite、DreamWeaver等），因为很多项任务会自动生成。...
110,解释器,解释器（英语：Interpreter），又译为直译器，是一种电脑程序，能够把高级编程语言一行一行直接转译运行。解释器不会一次把整个程序转译出来，只像一位“中间人”，每次运行程序时都要先转成另一种语言再作运行，因此解释器的程序运行速度比较缓慢。它每转译一行程序叙述就立刻运行，然后再转译下一行，再运行，如此不停地进行下去。...
111,Jython,Jython是一种完整的语言，而不是一个Java翻译器或仅仅是一个Python编译器，它是一个Python语言在Java中的完全实现。Jython也有很多从CPython中继承的模块库。最有趣的事情是Jython不像CPython或其他任何高级语言，它提供了对其实现语言的一切存取。所以Jython不仅给你提供了Python的库，同时也提供了所有的Java类。这使其有一个巨大的资源库。...
112,PyPy,PyPy是用Python实现的Python解释器。...
113,IronPython,IronPython 是一种在 NET 和 Mono 上实现的 Python 语言，由 Jim Hugunin（同时也是 Jython 创造者）所创造，2006年9月5日首次发布。...
114,.NET,.NET是 Microsoft XML Web services 平台。XML Web services 允许应用程序通过 Internet 进行通讯和共享数据，而不管所采用的是哪种操作系统、设备或编程语言。Microsoft .NET 平台提供创建 XML Web services 并将这些服务集成在一起之所需。对个人用户的好处是无缝的、吸引人的体验。...
115,pylons,Pylons是一个开放源代码的Web应用框架，使用python语言编写。它对WSGI标准进行了扩展应用，提升了重用性且将功能分割到独立的模块中。...
116,Web应用框架,Web应用框架（Web application framework）是一种开发框架，用来支持动态网站、网络应用程序及网络服务的开发。其类型有基于请求的和基于组件的两种框架...
117,zope,Zope是一个开放源代码的Web应用服务器，Zope目前有2个比较独立的版本，Zope 2系列和Zope 3系列。Zope 3是汲取了Zope 2的教训，对Zope 2的重写，是一个采用了现代设计模式的、基于组件架构的应用服务器。有人说Zope 3就是一个Python版本的轻量级J2EE框架。 Zope 2特别适合脚本开发人员，直接通过浏览器就可快速构建一个应用。...
118,Plone,Plone是免费的、开放源代码的内容管理系统（Content Management System，CMS）。Plone着重于适合各种组织使用。它带有一个工作流引擎、预先配置的安全和角色系统、一组内容类型和多语言支持。有来自全世界的众多开发者、作者和测试者每天为Plone做各种贡献。Plone是基于内容管理框架的。（Content Management Framework）。...
119,Uliweb,Uliweb是国人开发的一个开放源代码的网络交流互动平台。...
120,wiki,Wiki是一种在网络上开放且可供多人协同创作的超文本系统，由沃德·坎宁安于1995年首先开发，这种超文本系统支持面向社群的协作式写作，同时也包括一组支持这种写作。沃德·坎宁安将wiki定义为“一种允许一群用户用简单的描述来创建和连接一组网页的社会计算系统”。Wiki站点可以有多人（甚至任何访问者）维护，每个人都可以发表自己的意见，或者对共同的主题进行扩展或者探讨。...
121,Flask,Flask是一个使用 Python 编写的轻量级 Web 应用框架。其 WSGI 工具箱采用 Werkzeug ，模板引擎则使用 Jinja2 。Flask使用 BSD 授权。Flask也被称为 “microframework” ，因为它使用简单的核心，用 extension 增加其他功能。Flask没有默认使用的数据库、窗体验证工具。...
122,星战前夜,《星战前夜》（《EVE Online》）是冰岛CCP公司开发的一款PC端网游，国服目前由网易游戏代理运营，目前版本为《星战前夜：克隆崛起》。游戏以宏大的太空为背景，高度融合硬科幻元素，为玩家展现了一个极其自由的虚拟宇宙沙盒世界。玩家驾驶各式宇宙飞船在成千上万的恒星系与未知虫洞空间中穿梭。在游戏的沙盒宇宙中能进行各式活动，包括采矿、工业制造 、科学研究 、金融贸易、探索考古以及PVP/PVE战斗等。玩家可从事的活动类型随着相关技能的学习而递增，即使玩家没有上线，游戏中技能的学习也随时都在进行。《EVE Online》揽获包括GDC在内的众多世界游戏大奖，曾在欧美最著名游戏网站“MMORPG”中多次获得“世界最佳游戏”称号，其精妙绝伦的制作素质还使它被纽约现代艺术博物馆等知名展馆收录。出于沙盒理念，EVE将所有玩家集结于单个服务器内并且只设置世界服（宁静）与中国服（晨曦）。另外，为了实现空天地...
